<?xml version="1.0" encoding="UTF-8"?>
<project-private xmlns="http://www.netbeans.org/ns/project-private/1">
    <editor-bookmarks xmlns="http://www.netbeans.org/ns/editor-bookmarks/2" lastBookmarkId="0"/>
    <open-files xmlns="http://www.netbeans.org/ns/projectui-open-files/2">
        <group>
            <file>file:/D:/ass/Assignment_SMS_38f6109ed8b8446096ed88d79e72c874_2338937/StudentManagementSystem/src/local/Main.java</file>
            <file>file:/D:/ass/Assignment_SMS_38f6109ed8b8446096ed88d79e72c874_2338937/StudentManagementSystem/src/local/save.java</file>
            <file>file:/D:/ass/Assignment_SMS_38f6109ed8b8446096ed88d79e72c874_2338937/StudentManagementSystem/src/local/load.java</file>
            <file>file:/D:/ass/Assignment_SMS_38f6109ed8b8446096ed88d79e72c874_2338937/StudentManagementSystem/src/local/Caseone.java</file>
            <file>file:/D:/ass/Assignment_SMS_38f6109ed8b8446096ed88d79e72c874_2338937/StudentManagementSystem/src/local/Casetwo.java</file>
        </group>
    </open-files>
</project-private>
